구,동,거래량,"보증금
(만원)","면적
(m²)"
강남구,개포동,112,6898,31
강남구,논현동,127,7425,31
강남구,대치동,94,7837,31
강남구,도곡동,26,7619,34
강남구,삼성동,50,7434,35
강남구,세곡동,6,6083,35
강남구,수서동,1,6000,64
강남구,신사동,63,7441,30
강남구,역삼동,149,7350,27
강남구,율현동,2,7000,40
강남구,일원동,66,6853,33
강남구,자곡동,6,5833,22
강남구,청담동,29,7679,27
강동구,강일동,6,7317,18
강동구,고덕동,222,6428,42
강동구,길동,261,6788,38
강동구,둔촌동,108,6613,31
강동구,명일동,59,6312,36
강동구,상일동,62,6626,44
강동구,성내동,541,6710,35
강동구,암사동,334,6267,33
강동구,천호동,630,6079,37
강북구,미아동,1048,5796,38
강북구,번동,367,5798,38
강북구,수유동,826,5815,40
강북구,우이동,68,6297,44
강서구,가양동,101,6965,21
강서구,개화동,6,5417,37
강서구,공항동,282,6109,40
강서구,내발산동,77,5999,33
강서구,등촌동,318,6784,32
강서구,마곡동,38,8487,22
강서구,방화동,346,6277,37
강서구,염창동,39,6659,27
강서구,외발산동,9,7111,39
강서구,화곡동,1292,6291,39
관악구,남현동,109,7483,28
관악구,봉천동,1830,6142,27
관악구,신림동,2349,5984,40
광진구,광장동,37,6765,32
광진구,구의동,524,6705,33
광진구,군자동,290,6237,28
광진구,능동,142,6793,28
광진구,자양동,596,6466,34
광진구,중곡동,721,6719,37
광진구,화양동,212,6873,23
구로구,가리봉동,100,5986,36
구로구,개봉동,367,6150,43
구로구,고척동,196,5709,41
구로구,구로동,745,6340,32
구로구,궁동,101,6883,42
구로구,신도림동,27,6630,48
구로구,오류동,231,6040,41
구로구,온수동,51,7678,46
구로구,천왕동,24,7412,39
구로구,항동,9,7333,41
금천구,가산동,163,5799,24
금천구,독산동,873,5674,32
금천구,시흥동,820,5882,39
노원구,공릉동,424,6147,28
노원구,상계동,691,6072,41
노원구,월계동,185,5911,31
노원구,중계동,47,6587,41
노원구,하계동,19,6511,29
도봉구,도봉동,190,5634,44
도봉구,방학동,422,5806,53
도봉구,쌍문동,401,5687,49
도봉구,창동,433,5856,45
동대문구,답십리동,150,6444,38
동대문구,신설동,9,7611,27
동대문구,용두동,134,6383,29
동대문구,이문동,467,6055,32
동대문구,장안동,252,6864,34
동대문구,전농동,224,6421,37
동대문구,제기동,223,6116,30
동대문구,청량리동,150,6164,34
동대문구,회기동,184,6361,25
동대문구,휘경동,332,6013,27
동작구,노량진동,408,6276,26
동작구,대방동,272,6360,28
동작구,동작동,1,8000,66
동작구,본동,40,6175,33
동작구,사당동,616,6660,32
동작구,상도1동,91,6644,23
동작구,상도동,788,6382,30
동작구,신대방동,292,6208,30
동작구,흑석동,150,6059,32
마포구,공덕동,140,6550,33
마포구,구수동,12,6333,30
마포구,노고산동,69,6372,26
마포구,당인동,13,6831,32
마포구,대흥동,83,6164,29
마포구,도화동,56,7009,34
마포구,동교동,38,7395,28
마포구,마포동,23,7239,26
마포구,망원동,257,7068,34
마포구,상수동,56,7923,28
마포구,상암동,59,7356,28
마포구,서교동,137,7257,29
마포구,성산동,226,7027,35
마포구,신공덕동,29,6590,37
마포구,신수동,98,7168,29
마포구,신정동,1,8000,27
마포구,아현동,97,6299,42
마포구,연남동,117,7054,32
마포구,염리동,73,5978,31
마포구,용강동,7,6243,25
마포구,중동,38,7042,38
마포구,창전동,73,6842,28
마포구,하중동,1,8500,17
마포구,합정동,118,7106,34
마포구,현석동,4,6475,37
서대문구,남가좌동,123,6146,40
서대문구,냉천동,2,7000,58
서대문구,대신동,16,5906,27
서대문구,대현동,17,7382,17
서대문구,미근동,5,6400,28
서대문구,봉원동,1,4000,17
서대문구,북가좌동,205,6666,41
서대문구,북아현동,175,6165,37
서대문구,신촌동,2,5500,15
서대문구,연희동,254,6644,33
서대문구,영천동,5,6400,37
서대문구,옥천동,8,7125,40
서대문구,창천동,192,6880,26
서대문구,천연동,18,6839,42
서대문구,충정로2가,10,7350,21
서대문구,충정로3가,39,6787,39
서대문구,홍은동,282,6081,40
서대문구,홍제동,227,6463,40
서초구,내곡동,2,4750,39
서초구,반포동,96,7394,30
서초구,방배동,291,7024,36
서초구,서초동,101,6870,29
서초구,신원동,3,6374,33
서초구,양재동,214,7276,33
서초구,우면동,14,6740,38
서초구,잠원동,63,7256,29
성동구,금호동1가,11,6682,36
성동구,금호동2가,21,6952,38
성동구,금호동3가,66,6798,38
성동구,금호동4가,29,6417,32
성동구,도선동,39,6438,31
성동구,마장동,130,6885,27
성동구,사근동,121,6007,21
성동구,상왕십리동,5,7500,45
성동구,성수동1가,185,6441,37
성동구,성수동2가,206,6693,34
성동구,송정동,108,6079,37
성동구,옥수동,21,6881,27
성동구,용답동,120,5684,34
성동구,응봉동,41,6888,39
성동구,하왕십리동,86,6595,33
성동구,행당동,183,6789,26
성동구,홍익동,24,6600,27
성북구,길음동,71,6334,40
성북구,돈암동,47,5823,36
성북구,동선동1가,32,6784,17
성북구,동선동2가,20,7150,26
성북구,동선동3가,55,6606,27
성북구,동선동4가,30,6150,23
성북구,동선동5가,24,6729,26
성북구,동소문동1가,18,6678,28
성북구,동소문동2가,7,7286,41
성북구,동소문동3가,1,6000,34
성북구,동소문동4가,17,6441,25
성북구,동소문동5가,2,8000,48
성북구,동소문동6가,6,7333,40
성북구,동소문동7가,11,6500,34
성북구,보문동1가,22,6727,26
성북구,보문동2가,51,5771,23
성북구,보문동3가,1,5000,35
성북구,보문동4가,3,5333,28
성북구,보문동5가,25,5664,31
성북구,보문동6가,27,6854,37
성북구,보문동7가,12,5650,20
성북구,삼선동1가,55,6344,46
성북구,삼선동2가,29,6217,47
성북구,삼선동3가,18,6694,46
성북구,삼선동4가,15,6667,66
성북구,삼선동5가,30,6217,37
성북구,상월곡동,45,5333,31
성북구,석관동,242,5671,42
성북구,성북동,67,6293,38
성북구,성북동1가,21,6048,24
성북구,안암동1가,45,5951,27
성북구,안암동2가,38,5479,26
성북구,안암동3가,54,5963,28
성북구,안암동4가,10,6700,23
성북구,안암동5가,82,6465,25
성북구,장위동,463,6298,51
성북구,정릉동,322,6166,41
성북구,종암동,142,6297,55
성북구,하월곡동,166,6044,38
송파구,가락동,144,7090,30
송파구,거여동,150,5902,34
송파구,마천동,369,6096,38
송파구,문정동,174,7009,35
송파구,방이동,158,7337,36
송파구,삼전동,223,7115,31
송파구,석촌동,170,7094,32
송파구,송파동,124,7695,33
송파구,오금동,86,6799,35
송파구,잠실동,155,7072,30
송파구,풍납동,270,6274,34
양천구,목동,418,6766,40
양천구,신월동,841,5789,40
양천구,신정동,516,5983,41
영등포구,당산동,65,7492,19
영등포구,당산동1가,51,7641,29
영등포구,당산동2가,7,6600,31
영등포구,당산동3가,37,6714,37
영등포구,당산동4가,30,6680,24
영등포구,당산동5가,5,7100,19
영등포구,당산동6가,39,6346,27
영등포구,대림동,524,6219,34
영등포구,도림동,117,6330,34
영등포구,문래동2가,3,5333,34
영등포구,문래동3가,13,5838,18
영등포구,문래동4가,3,6067,30
영등포구,문래동5가,9,6011,23
영등포구,신길동,794,6185,34
영등포구,양평동1가,23,6591,39
영등포구,양평동2가,14,7429,33
영등포구,양평동3가,20,5985,23
영등포구,양평동4가,41,6941,22
영등포구,양평동5가,6,7667,28
영등포구,양평동6가,12,6208,30
영등포구,여의도동,1,9000,37
영등포구,영등포동,59,6615,32
영등포구,영등포동1가,28,7236,20
영등포구,영등포동2가,68,7216,20
영등포구,영등포동3가,5,4300,33
영등포구,영등포동4가,10,7470,20
영등포구,영등포동5가,13,6923,38
영등포구,영등포동6가,23,7374,20
영등포구,영등포동7가,44,7039,26
영등포구,영등포동8가,8,6063,20
용산구,갈월동,20,6823,31
용산구,남영동,4,6000,27
용산구,도원동,1,5000,51
용산구,동빙고동,51,6333,45
용산구,동자동,22,5709,41
용산구,문배동,1,9500,17
용산구,보광동,182,6152,42
용산구,산천동,7,5429,32
용산구,서계동,71,6394,36
용산구,서빙고동,10,6700,41
용산구,신계동,3,4833,24
용산구,신창동,26,6550,38
용산구,용문동,32,7103,34
용산구,용산동2가,125,6602,39
용산구,용산동3가,3,5600,28
용산구,원효로1가,20,6160,36
용산구,원효로2가,8,7500,37
용산구,원효로3가,21,6629,37
용산구,원효로4가,14,6714,40
용산구,이촌동,13,4346,31
용산구,이태원동,86,6887,38
용산구,주성동,9,6778,50
용산구,청암동,1,4000,14
용산구,청파동1가,64,6763,33
용산구,청파동2가,28,7118,31
용산구,청파동3가,44,6666,24
용산구,한강로1가,6,6667,40
용산구,한강로2가,4,6375,27
용산구,한강로3가,10,6050,42
용산구,한남동,116,6049,37
용산구,효창동,38,7274,32
용산구,후암동,106,6675,36
은평구,갈현동,424,6247,42
은평구,구산동,192,6384,41
은평구,녹번동,214,6234,38
은평구,대조동,327,6399,36
은평구,불광동,541,6096,41
은평구,수색동,130,5818,45
은평구,신사동,268,6198,41
은평구,역촌동,294,6574,40
은평구,응암동,464,6022,40
은평구,증산동,123,6874,46
은평구,진관동,7,6786,38
종로구,계동,4,7825,33
종로구,관훈동,1,3000,57
종로구,구기동,2,6250,32
종로구,낙원동,1,9000,33
종로구,내수동,1,3000,56
종로구,누상동,24,6983,24
종로구,누하동,7,8000,21
종로구,동숭동,41,7315,34
종로구,명륜1가,28,7857,29
종로구,명륜2가,13,7769,33
종로구,명륜3가,73,5884,25
종로구,명륜4가,4,7375,52
종로구,무악동,2,8000,43
종로구,부암동,8,6600,42
종로구,사직동,8,5250,38
종로구,삼청동,2,7750,46
종로구,숭인동,78,6895,32
종로구,신교동,5,7060,31
종로구,신문로2가,4,6875,38
종로구,신영동,7,7071,51
종로구,연건동,25,7140,29
종로구,연지동,3,7000,21
종로구,옥인동,7,7786,31
종로구,원남동,2,7500,28
종로구,원서동,8,6575,27
종로구,이화동,16,6919,22
종로구,재동,1,8500,38
종로구,종로6가,3,5833,29
종로구,창성동,3,8500,25
종로구,창신동,93,6544,38
종로구,청운동,4,5750,22
종로구,체부동,4,6375,25
종로구,충신동,27,6267,38
종로구,통의동,2,7000,31
종로구,통인동,3,7833,22
종로구,평창동,20,6721,46
종로구,필운동,2,6000,18
종로구,행촌동,46,6420,32
종로구,혜화동,30,7377,29
종로구,홍지동,11,6500,33
종로구,홍파동,1,9000,50
종로구,화동,1,5000,17
중구,광희동2가,8,7563,32
중구,남산동2가,6,7167,29
중구,남산동3가,1,8000,20
중구,남창동,1,8000,16
중구,만리동1가,2,7500,36
중구,묵정동,4,5250,23
중구,신당동,231,6829,32
중구,쌍림동,6,6833,37
중구,예장동,2,8250,32
중구,을지로7가,1,7000,51
중구,장충동1가,8,7563,29
중구,장충동2가,59,6342,32
중구,중림동,9,7667,42
중구,필동2가,2,6250,17
중구,필동3가,13,7538,22
중구,황학동,42,6761,41
중구,회현동1가,8,5750,25
중구,회현동2가,1,8300,35
중구,회현동3가,2,6000,18
중랑구,망우동,265,5887,42
중랑구,면목동,917,5871,40
중랑구,묵동,304,5743,37
중랑구,상봉동,336,5878,35
중랑구,신내동,53,6245,46
중랑구,중화동,395,5653,39