기간,자치구,동,합계
2016,강남구,개포1동,907
2016,강남구,개포2동,428
2016,강남구,개포4동,335
2016,강남구,논현1동,500
2016,강남구,논현2동,409
2016,강남구,대치1동,151
2016,강남구,대치2동,471
2016,강남구,대치4동,315
2016,강남구,도곡1동,338
2016,강남구,도곡2동,478
2016,강남구,삼성1동,243
2016,강남구,삼성2동,479
2016,강남구,세곡동,766
2016,강남구,소계,11218
2016,강남구,수서동,1135
2016,강남구,신사동,380
2016,강남구,압구정동,647
2016,강남구,역삼1동,679
2016,강남구,역삼2동,453
2016,강남구,일원1동,602
2016,강남구,일원2동,641
2016,강남구,일원본동,370
2016,강남구,청담동,491
2016,강동구,강일동,476
2016,강동구,고덕1동,272
2016,강동구,고덕2동,397
2016,강동구,길동,1162
2016,강동구,둔촌1동,247
2016,강동구,둔촌2동,689
2016,강동구,명일1동,534
2016,강동구,명일2동,250
2016,강동구,상일동,304
2016,강동구,성내1동,364
2016,강동구,성내2동,839
2016,강동구,성내3동,598
2016,강동구,소계,11229
2016,강동구,암사1동,1138
2016,강동구,암사2동,330
2016,강동구,암사3동,239
2016,강동구,천호1동,1003
2016,강동구,천호2동,1339
2016,강동구,천호3동,1048
2016,강북구,미아동,1013
2016,강북구,번1동,829
2016,강북구,번2동,813
2016,강북구,번3동,942
2016,강북구,삼각산동,809
2016,강북구,삼양동,1316
2016,강북구,소계,13760
2016,강북구,송중동,1252
2016,강북구,송천동,1550
2016,강북구,수유1동,1061
2016,강북구,수유2동,843
2016,강북구,수유3동,979
2016,강북구,우이동,959
2016,강북구,인수동,1394
2016,강서구,가양1동,334
2016,강서구,가양2동,997
2016,강서구,가양3동,781
2016,강서구,공항동,1308
2016,강서구,등촌1동,552
2016,강서구,등촌2동,348
2016,강서구,등촌3동,1652
2016,강서구,발산1동,601
2016,강서구,방화1동,906
2016,강서구,방화2동,1001
2016,강서구,방화3동,1065
2016,강서구,소계,15548
2016,강서구,염창동,446
2016,강서구,우장산동,741
2016,강서구,화곡1동,1279
2016,강서구,화곡2동,467
2016,강서구,화곡3동,557
2016,강서구,화곡4동,650
2016,강서구,화곡6동,553
2016,강서구,화곡8동,619
2016,강서구,화곡본동,691
2016,관악구,낙성대동,481
2016,관악구,난곡동,1121
2016,관악구,난향동,476
2016,관악구,남현동,396
2016,관악구,대학동,545
2016,관악구,미성동,972
2016,관악구,보라매동,846
2016,관악구,삼성동,1325
2016,관악구,서림동,636
2016,관악구,서원동,613
2016,관악구,성현동,1079
2016,관악구,소계,15655
2016,관악구,신림동,475
2016,관악구,신사동,701
2016,관악구,신원동,697
2016,관악구,은천동,1048
2016,관악구,인헌동,704
2016,관악구,조원동,559
2016,관악구,중앙동,552
2016,관악구,청룡동,933
2016,관악구,청림동,584
2016,관악구,행운동,912
2016,광진구,광장동,493
2016,광진구,구의1동,580
2016,광진구,구의2동,669
2016,광진구,구의3동,608
2016,광진구,군자동,574
2016,광진구,능동,260
2016,광진구,소계,8860
2016,광진구,자양1동,681
2016,광진구,자양2동,532
2016,광진구,자양3동,562
2016,광진구,자양4동,938
2016,광진구,중곡1동,485
2016,광진구,중곡2동,480
2016,광진구,중곡3동,534
2016,광진구,중곡4동,842
2016,광진구,화양동,622
2016,구로구,가리봉동,793
2016,구로구,개봉1동,1116
2016,구로구,개봉2동,815
2016,구로구,개봉3동,579
2016,구로구,고척1동,663
2016,구로구,고척2동,850
2016,구로구,구로1동,270
2016,구로구,구로2동,1383
2016,구로구,구로3동,648
2016,구로구,구로4동,1011
2016,구로구,구로5동,731
2016,구로구,소계,11732
2016,구로구,수궁동,699
2016,구로구,신도림동,501
2016,구로구,오류1동,686
2016,구로구,오류2동,987
2016,금천구,가산동,623
2016,금천구,독산1동,889
2016,금천구,독산2동,781
2016,금천구,독산3동,980
2016,금천구,독산4동,535
2016,금천구,소계,8070
2016,금천구,시흥1동,1315
2016,금천구,시흥2동,701
2016,금천구,시흥3동,431
2016,금천구,시흥4동,759
2016,금천구,시흥5동,1056
2016,노원구,공릉1동,1166
2016,노원구,공릉2동,910
2016,노원구,상계10동,504
2016,노원구,상계1동,1061
2016,노원구,상계2동,627
2016,노원구,상계3.4동,1718
2016,노원구,상계5동,1063
2016,노원구,상계6.7동,1072
2016,노원구,상계8동,511
2016,노원구,상계9동,636
2016,노원구,소계,17944
2016,노원구,월계1동,764
2016,노원구,월계2동,1338
2016,노원구,월계3동,1200
2016,노원구,중계1동,473
2016,노원구,중계2.3동,1703
2016,노원구,중계4동,845
2016,노원구,중계본동,634
2016,노원구,하계1동,1109
2016,노원구,하계2동,610
2016,도봉구,도봉1동,1135
2016,도봉구,도봉2동,953
2016,도봉구,방학1동,986
2016,도봉구,방학2동,934
2016,도봉구,방학3동,646
2016,도봉구,소계,10601
2016,도봉구,쌍문1동,758
2016,도봉구,쌍문2동,755
2016,도봉구,쌍문3동,588
2016,도봉구,쌍문4동,399
2016,도봉구,창1동,798
2016,도봉구,창2동,766
2016,도봉구,창3동,594
2016,도봉구,창4동,678
2016,도봉구,창5동,611
2016,동대문구,답십리1동,648
2016,동대문구,답십리2동,924
2016,동대문구,소계,12570
2016,동대문구,용신동,1488
2016,동대문구,이문1동,1001
2016,동대문구,이문2동,655
2016,동대문구,장안1동,913
2016,동대문구,장안2동,748
2016,동대문구,전농1동,1420
2016,동대문구,전농2동,527
2016,동대문구,제기동,1442
2016,동대문구,청량리동,1363
2016,동대문구,회기동,322
2016,동대문구,휘경1동,476
2016,동대문구,휘경2동,643
2016,동작구,노량진1동,941
2016,동작구,노량진2동,671
2016,동작구,대방동,990
2016,동작구,사당1동,622
2016,동작구,사당2동,844
2016,동작구,사당3동,585
2016,동작구,사당4동,469
2016,동작구,사당5동,347
2016,동작구,상도1동,1339
2016,동작구,상도2동,951
2016,동작구,상도3동,727
2016,동작구,상도4동,1032
2016,동작구,소계,11751
2016,동작구,신대방1동,604
2016,동작구,신대방2동,500
2016,동작구,흑석동,1129
2016,마포구,공덕동,1378
2016,마포구,대흥동,515
2016,마포구,도화동,645
2016,마포구,망원1동,720
2016,마포구,망원2동,492
2016,마포구,상암동,378
2016,마포구,서강동,535
2016,마포구,서교동,614
2016,마포구,성산1동,538
2016,마포구,성산2동,1313
2016,마포구,소계,10268
2016,마포구,신수동,527
2016,마포구,아현동,527
2016,마포구,연남동,462
2016,마포구,염리동,476
2016,마포구,용강동,623
2016,마포구,합정동,525
2016,서대문구,남가좌1동,340
2016,서대문구,남가좌2동,826
2016,서대문구,북가좌1동,388
2016,서대문구,북가좌2동,1161
2016,서대문구,북아현동,484
2016,서대문구,소계,10482
2016,서대문구,신촌동,528
2016,서대문구,연희동,1245
2016,서대문구,천연동,872
2016,서대문구,충현동,760
2016,서대문구,홍은1동,897
2016,서대문구,홍은2동,891
2016,서대문구,홍제1동,832
2016,서대문구,홍제2동,498
2016,서대문구,홍제3동,760
2016,서초구,내곡동,450
2016,서초구,반포1동,545
2016,서초구,반포2동,322
2016,서초구,반포3동,381
2016,서초구,반포4동,359
2016,서초구,반포본동,252
2016,서초구,방배1동,385
2016,서초구,방배2동,706
2016,서초구,방배3동,518
2016,서초구,방배4동,523
2016,서초구,방배본동,413
2016,서초구,서초1동,439
2016,서초구,서초2동,400
2016,서초구,서초3동,623
2016,서초구,서초4동,442
2016,서초구,소계,8811
2016,서초구,양재1동,882
2016,서초구,양재2동,476
2016,서초구,잠원동,695
2016,성동구,금호1가동,512
2016,성동구,금호2.3가동,654
2016,성동구,금호4가동,478
2016,성동구,마장동,734
2016,성동구,사근동,338
2016,성동구,성수1가1동,452
2016,성동구,성수1가2동,442
2016,성동구,성수2가1동,677
2016,성동구,성수2가3동,335
2016,성동구,소계,9025
2016,성동구,송정동,361
2016,성동구,옥수동,596
2016,성동구,왕십리2동,546
2016,성동구,왕십리도선동,685
2016,성동구,용답동,665
2016,성동구,응봉동,423
2016,성동구,행당1동,511
2016,성동구,행당2동,616
2016,성북구,길음1동,580
2016,성북구,길음2동,448
2016,성북구,돈암1동,472
2016,성북구,돈암2동,400
2016,성북구,동선동,506
2016,성북구,보문동,539
2016,성북구,삼선동,898
2016,성북구,석관동,1186
2016,성북구,성북동,608
2016,성북구,소계,13643
2016,성북구,안암동,497
2016,성북구,월곡1동,795
2016,성북구,월곡2동,596
2016,성북구,장위1동,702
2016,성북구,장위2동,811
2016,성북구,장위3동,477
2016,성북구,정릉1동,472
2016,성북구,정릉2동,791
2016,성북구,정릉3동,777
2016,성북구,정릉4동,830
2016,성북구,종암동,1258
2016,송파구,가락1동,14
2016,송파구,가락2동,408
2016,송파구,가락본동,500
2016,송파구,거여1동,371
2016,송파구,거여2동,637
2016,송파구,마천1동,816
2016,송파구,마천2동,623
2016,송파구,문정1동,310
2016,송파구,문정2동,287
2016,송파구,방이1동,257
2016,송파구,방이2동,541
2016,송파구,삼전동,643
2016,송파구,석촌동,772
2016,송파구,소계,12081
2016,송파구,송파1동,465
2016,송파구,송파2동,279
2016,송파구,오금동,742
2016,송파구,오륜동,191
2016,송파구,위례동,112
2016,송파구,잠실2동,382
2016,송파구,잠실3동,548
2016,송파구,잠실4동,414
2016,송파구,잠실6동,253
2016,송파구,잠실7동,219
2016,송파구,잠실본동,601
2016,송파구,장지동,663
2016,송파구,풍납1동,549
2016,송파구,풍납2동,484
2016,양천구,목1동,363
2016,양천구,목2동,602
2016,양천구,목3동,529
2016,양천구,목4동,527
2016,양천구,목5동,443
2016,양천구,소계,10178
2016,양천구,신월1동,816
2016,양천구,신월2동,528
2016,양천구,신월3동,755
2016,양천구,신월4동,353
2016,양천구,신월5동,377
2016,양천구,신월6동,172
2016,양천구,신월7동,755
2016,양천구,신정1동,351
2016,양천구,신정2동,419
2016,양천구,신정3동,1012
2016,양천구,신정4동,1004
2016,양천구,신정6동,258
2016,양천구,신정7동,914
2016,영등포구,당산1동,740
2016,영등포구,당산2동,686
2016,영등포구,대림1동,688
2016,영등포구,대림2동,667
2016,영등포구,대림3동,774
2016,영등포구,도림동,802
2016,영등포구,문래동,832
2016,영등포구,소계,13239
2016,영등포구,신길1동,1022
2016,영등포구,신길3동,698
2016,영등포구,신길4동,524
2016,영등포구,신길5동,548
2016,영등포구,신길6동,713
2016,영등포구,신길7동,330
2016,영등포구,양평1동,540
2016,영등포구,양평2동,434
2016,영등포구,여의동,991
2016,영등포구,영등포동,1240
2016,영등포구,영등포본동,1010
2016,용산구,남영동,701
2016,용산구,보광동,662
2016,용산구,서빙고동,428
2016,용산구,소계,8520
2016,용산구,용문동,345
2016,용산구,용산2가동,493
2016,용산구,원효로1동,389
2016,용산구,원효로2동,442
2016,용산구,이촌1동,645
2016,용산구,이촌2동,353
2016,용산구,이태원1동,327
2016,용산구,이태원2동,409
2016,용산구,청파동,786
2016,용산구,한강로동,715
2016,용산구,한남동,793
2016,용산구,효창동,247
2016,용산구,후암동,785
2016,은평구,갈현1동,993
2016,은평구,갈현2동,881
2016,은평구,구산동,948
2016,은평구,녹번동,1419
2016,은평구,대조동,1322
2016,은평구,불광1동,1576
2016,은평구,불광2동,1392
2016,은평구,소계,16628
2016,은평구,수색동,721
2016,은평구,신사1동,756
2016,은평구,신사2동,701
2016,은평구,역촌동,1477
2016,은평구,응암1동,868
2016,은평구,응암2동,664
2016,은평구,응암3동,1363
2016,은평구,증산동,644
2016,은평구,진관동,903
2016,종로구,가회동,196
2016,종로구,교남동,253
2016,종로구,무악동,205
2016,종로구,부암동,319
2016,종로구,사직동,383
2016,종로구,삼청동,156
2016,종로구,소계,7074
2016,종로구,숭인1동,373
2016,종로구,숭인2동,667
2016,종로구,이화동,305
2016,종로구,종로1.2.3.4가동,1089
2016,종로구,종로5·6가동,415
2016,종로구,창신1동,414
2016,종로구,창신2동,428
2016,종로구,창신3동,215
2016,종로구,청운효자동,429
2016,종로구,평창동,615
2016,종로구,혜화동,612
2016,중구,광희동,352
2016,중구,다산동,503
2016,중구,동화동,256
2016,중구,명동,157
2016,중구,소계,5528
2016,중구,소공동,54
2016,중구,신당5동,411
2016,중구,신당동,385
2016,중구,약수동,755
2016,중구,을지로동,224
2016,중구,장충동,187
2016,중구,중림동,440
2016,중구,청구동,601
2016,중구,필동,228
2016,중구,황학동,514
2016,중구,회현동,461
2016,중랑구,망우3동,794
2016,중랑구,망우본동,1292
2016,중랑구,면목2동,1012
2016,중랑구,면목3.8동,1125
2016,중랑구,면목4동,892
2016,중랑구,면목5동,405
2016,중랑구,면목7동,854
2016,중랑구,면목본동,1324
2016,중랑구,묵1동,852
2016,중랑구,묵2동,652
2016,중랑구,상봉1동,721
2016,중랑구,상봉2동,777
2016,중랑구,소계,14184
2016,중랑구,신내1동,794
2016,중랑구,신내2동,719
2016,중랑구,중화1동,591
2016,중랑구,중화2동,1380
2016,합계,합계,288599