자치구,동,총 수급자
강남구,개포1동,316
강남구,개포2동,185
강남구,개포4동,295
강남구,기타,
강남구,논현1동,263
강남구,논현2동,205
강남구,대치1동,12
강남구,대치2동,93
강남구,대치4동,173
강남구,도곡1동,62
강남구,도곡2동,23
강남구,삼성1동,56
강남구,삼성2동,220
강남구,세곡동,838
강남구,소계,6915
강남구,수서동,1868
강남구,신사동,93
강남구,압구정동,40
강남구,역삼1동,281
강남구,역삼2동,276
강남구,일원1동,817
강남구,일원2동,647
강남구,일원본동,29
강남구,청담동,123
강동구,강일동,506
강동구,고덕1동,153
강동구,고덕2동,306
강동구,기타,
강동구,길동,608
강동구,둔촌1동,41
강동구,둔촌2동,275
강동구,명일1동,173
강동구,명일2동,84
강동구,상일동,131
강동구,성내1동,113
강동구,성내2동,486
강동구,성내3동,256
강동구,소계,6310
강동구,암사1동,846
강동구,암사2동,69
강동구,암사3동,58
강동구,천호1동,608
강동구,천호2동,897
강동구,천호3동,700
강북구,기타,
강북구,미아동,559
강북구,번1동,549
강북구,번2동,789
강북구,번3동,1261
강북구,삼각산동,753
강북구,삼양동,994
강북구,소계,9993
강북구,송중동,694
강북구,송천동,871
강북구,수유1동,711
강북구,수유2동,617
강북구,수유3동,658
강북구,우이동,527
강북구,인수동,1010
강서구,가양1동,94
강서구,가양2동,1870
강서구,가양3동,1238
강서구,공항동,412
강서구,기타,
강서구,등촌1동,123
강서구,등촌2동,173
강서구,등촌3동,3349
강서구,발산1동,473
강서구,방화1동,406
강서구,방화2동,818
강서구,방화3동,1203
강서구,소계,13757
강서구,염창동,98
강서구,우장산동,235
강서구,화곡1동,773
강서구,화곡2동,345
강서구,화곡3동,246
강서구,화곡4동,399
강서구,화곡6동,363
강서구,화곡8동,399
강서구,화곡본동,740
관악구,기타,
관악구,낙성대동,189
관악구,난곡동,802
관악구,난향동,292
관악구,남현동,102
관악구,대학동,343
관악구,미성동,583
관악구,보라매동,461
관악구,삼성동,712
관악구,서림동,370
관악구,서원동,349
관악구,성현동,774
관악구,소계,8771
관악구,신림동,274
관악구,신사동,442
관악구,신원동,423
관악구,은천동,727
관악구,인헌동,227
관악구,조원동,246
관악구,중앙동,217
관악구,청룡동,358
관악구,청림동,324
관악구,행운동,556
광진구,광장동,83
광진구,구의1동,349
광진구,구의2동,439
광진구,구의3동,163
광진구,군자동,387
광진구,기타,
광진구,능동,134
광진구,소계,5096
광진구,자양1동,452
광진구,자양2동,269
광진구,자양3동,180
광진구,자양4동,540
광진구,중곡1동,304
광진구,중곡2동,399
광진구,중곡3동,470
광진구,중곡4동,686
광진구,화양동,241
구로구,가리봉동,478
구로구,개봉1동,624
구로구,개봉2동,407
구로구,개봉3동,386
구로구,고척1동,279
구로구,고척2동,473
구로구,구로1동,44
구로구,구로2동,582
구로구,구로3동,218
구로구,구로4동,486
구로구,구로5동,239
구로구,기타,
구로구,소계,5666
구로구,수궁동,341
구로구,신도림동,90
구로구,오류1동,428
구로구,오류2동,591
금천구,가산동,389
금천구,기타,
금천구,독산1동,833
금천구,독산2동,693
금천구,독산3동,670
금천구,독산4동,471
금천구,소계,6263
금천구,시흥1동,837
금천구,시흥2동,752
금천구,시흥3동,186
금천구,시흥4동,605
금천구,시흥5동,827
노원구,공릉1동,1218
노원구,공릉2동,419
노원구,기타,
노원구,상계10동,187
노원구,상계1동,686
노원구,상계2동,479
노원구,상계3.4동,1405
노원구,상계5동,798
노원구,상계6.7동,388
노원구,상계8동,106
노원구,상계9동,177
노원구,소계,15384
노원구,월계1동,470
노원구,월계2동,1812
노원구,월계3동,1106
노원구,중계1동,376
노원구,중계2.3동,2367
노원구,중계4동,913
노원구,중계본동,275
노원구,하계1동,1634
노원구,하계2동,568
도봉구,기타,
도봉구,도봉1동,709
도봉구,도봉2동,558
도봉구,방학1동,750
도봉구,방학2동,1139
도봉구,방학3동,199
도봉구,소계,6641
도봉구,쌍문1동,572
도봉구,쌍문2동,511
도봉구,쌍문3동,334
도봉구,쌍문4동,130
도봉구,창1동,272
도봉구,창2동,517
도봉구,창3동,526
도봉구,창4동,195
도봉구,창5동,229
동대문구,기타,
동대문구,답십리1동,426
동대문구,답십리2동,653
동대문구,소계,8278
동대문구,용신동,962
동대문구,이문1동,610
동대문구,이문2동,489
동대문구,장안1동,630
동대문구,장안2동,489
동대문구,전농1동,1060
동대문구,전농2동,389
동대문구,제기동,845
동대문구,청량리동,1002
동대문구,회기동,155
동대문구,휘경1동,293
동대문구,휘경2동,275
동작구,기타,
동작구,노량진1동,435
동작구,노량진2동,403
동작구,대방동,651
동작구,사당1동,266
동작구,사당2동,277
동작구,사당3동,170
동작구,사당4동,214
동작구,사당5동,163
동작구,상도1동,592
동작구,상도2동,253
동작구,상도3동,421
동작구,상도4동,521
동작구,소계,5227
동작구,신대방1동,230
동작구,신대방2동,224
동작구,흑석동,407
마포구,공덕동,549
마포구,기타,
마포구,대흥동,223
마포구,도화동,286
마포구,망원1동,397
마포구,망원2동,242
마포구,상암동,320
마포구,서강동,165
마포구,서교동,200
마포구,성산1동,274
마포구,성산2동,904
마포구,소계,4882
마포구,신수동,173
마포구,아현동,336
마포구,연남동,171
마포구,염리동,237
마포구,용강동,156
마포구,합정동,249
서대문구,기타,
서대문구,남가좌1동,128
서대문구,남가좌2동,524
서대문구,북가좌1동,173
서대문구,북가좌2동,549
서대문구,북아현동,208
서대문구,소계,5167
서대문구,신촌동,449
서대문구,연희동,414
서대문구,천연동,461
서대문구,충현동,294
서대문구,홍은1동,452
서대문구,홍은2동,521
서대문구,홍제1동,346
서대문구,홍제2동,247
서대문구,홍제3동,401
서초구,기타,
서초구,내곡동,311
서초구,반포1동,150
서초구,반포2동,10
서초구,반포3동,15
서초구,반포4동,40
서초구,반포본동,4
서초구,방배1동,148
서초구,방배2동,238
서초구,방배3동,172
서초구,방배4동,158
서초구,방배본동,109
서초구,서초1동,151
서초구,서초2동,55
서초구,서초3동,139
서초구,서초4동,23
서초구,소계,3023
서초구,양재1동,906
서초구,양재2동,259
서초구,잠원동,135
성동구,금호1가동,369
성동구,금호2.3가동,361
성동구,금호4가동,224
성동구,기타,
성동구,마장동,419
성동구,사근동,120
성동구,성수1가1동,245
성동구,성수1가2동,187
성동구,성수2가1동,386
성동구,성수2가3동,126
성동구,소계,4850
성동구,송정동,333
성동구,옥수동,198
성동구,왕십리2동,246
성동구,왕십리도선동,415
성동구,용답동,540
성동구,응봉동,117
성동구,행당1동,231
성동구,행당2동,333
성북구,기타,
성북구,길음1동,339
성북구,길음2동,258
성북구,돈암1동,296
성북구,돈암2동,180
성북구,동선동,267
성북구,보문동,280
성북구,삼선동,522
성북구,석관동,737
성북구,성북동,263
성북구,소계,8434
성북구,안암동,250
성북구,월곡1동,495
성북구,월곡2동,437
성북구,장위1동,708
성북구,장위2동,636
성북구,장위3동,383
성북구,정릉1동,230
성북구,정릉2동,423
성북구,정릉3동,476
성북구,정릉4동,502
성북구,종암동,752
송파구,가락1동,2
송파구,가락2동,190
송파구,가락본동,205
송파구,거여1동,255
송파구,거여2동,376
송파구,기타,
송파구,마천1동,685
송파구,마천2동,578
송파구,문정1동,135
송파구,문정2동,32
송파구,방이1동,103
송파구,방이2동,250
송파구,삼전동,430
송파구,석촌동,432
송파구,소계,5942
송파구,송파1동,234
송파구,송파2동,145
송파구,오금동,365
송파구,오륜동,5
송파구,위례동,17
송파구,잠실2동,13
송파구,잠실3동,23
송파구,잠실4동,19
송파구,잠실6동,13
송파구,잠실7동,3
송파구,잠실본동,325
송파구,장지동,518
송파구,풍납1동,323
송파구,풍납2동,266
양천구,기타,
양천구,목1동,126
양천구,목2동,339
양천구,목3동,425
양천구,목4동,336
양천구,목5동,11
양천구,소계,6885
양천구,신월1동,751
양천구,신월2동,384
양천구,신월3동,708
양천구,신월4동,191
양천구,신월5동,301
양천구,신월6동,107
양천구,신월7동,417
양천구,신정1동,135
양천구,신정2동,310
양천구,신정3동,893
양천구,신정4동,642
양천구,신정6동,16
양천구,신정7동,793
영등포구,기타,
영등포구,당산1동,255
영등포구,당산2동,110
영등포구,대림1동,332
영등포구,대림2동,299
영등포구,대림3동,384
영등포구,도림동,372
영등포구,문래동,180
영등포구,소계,5808
영등포구,신길1동,488
영등포구,신길3동,428
영등포구,신길4동,335
영등포구,신길5동,320
영등포구,신길6동,263
영등포구,신길7동,93
영등포구,양평1동,164
영등포구,양평2동,121
영등포구,여의동,52
영등포구,영등포동,1030
영등포구,영등포본동,582
용산구,기타,
용산구,남영동,1040
용산구,보광동,428
용산구,서빙고동,118
용산구,소계,4421
용산구,용문동,174
용산구,용산2가동,281
용산구,원효로1동,164
용산구,원효로2동,235
용산구,이촌1동,31
용산구,이촌2동,65
용산구,이태원1동,119
용산구,이태원2동,133
용산구,청파동,480
용산구,한강로동,218
용산구,한남동,344
용산구,효창동,92
용산구,후암동,499
은평구,갈현1동,811
은평구,갈현2동,642
은평구,구산동,636
은평구,기타,
은평구,녹번동,627
은평구,대조동,848
은평구,불광1동,729
은평구,불광2동,961
은평구,소계,10045
은평구,수색동,467
은평구,신사1동,454
은평구,신사2동,442
은평구,역촌동,971
은평구,응암1동,475
은평구,응암2동,436
은평구,응암3동,814
은평구,증산동,308
은평구,진관동,424
종로구,가회동,38
종로구,교남동,106
종로구,기타,
종로구,무악동,92
종로구,부암동,98
종로구,사직동,82
종로구,삼청동,40
종로구,소계,2792
종로구,숭인1동,153
종로구,숭인2동,268
종로구,이화동,134
종로구,종로1.2.3.4가동,549
종로구,종로5·6가동,177
종로구,창신1동,297
종로구,창신2동,270
종로구,창신3동,113
종로구,청운효자동,127
종로구,평창동,87
종로구,혜화동,161
중구,광희동,94
중구,기타,
중구,다산동,256
중구,동화동,108
중구,명동,53
중구,소계,3081
중구,소공동,16
중구,신당5동,222
중구,신당동,200
중구,약수동,419
중구,을지로동,81
중구,장충동,74
중구,중림동,351
중구,청구동,380
중구,필동,74
중구,황학동,293
중구,회현동,460
중랑구,기타,
중랑구,망우3동,756
중랑구,망우본동,892
중랑구,면목2동,675
중랑구,면목3.8동,775
중랑구,면목4동,709
중랑구,면목5동,268
중랑구,면목7동,472
중랑구,면목본동,985
중랑구,묵1동,425
중랑구,묵2동,421
중랑구,상봉1동,716
중랑구,상봉2동,426
중랑구,소계,10044
중랑구,신내1동,533
중랑구,신내2동,677
중랑구,중화1동,341
중랑구,중화2동,973