자치구,동,한식음식점업,용달 및 개별화물 자동차운송업,부동산자문 및 중개업,의류점,기타주점업,두발미용업,슈퍼마켓,분식 및 김밥전문점,비알콜 음료점,가정용 세탁업,노래연습장 운영업,체인화 편의점,치킨 전문점,자동차 전문 수리업,과실 및 채소소매업,육류 소매업,중국 음식점업,당구장 운영업,제과점업,컴퓨터게임방 운영업
강남구,개포1동,13,38,42,9,-,20,14,5,4,11,-,X,X,X,5,X,X,-,X,-
강남구,개포2동,56,23,51,14,20,33,14,16,14,15,7,8,11,4,4,4,X,4,7,X
강남구,개포4동,101,42,53,26,19,32,9,22,31,18,13,18,15,25,3,5,8,9,5,5
강남구,논현1동,318,18,193,100,102,98,35,32,103,40,34,53,23,10,11,16,18,14,13,8
강남구,논현2동,350,5,139,79,102,68,33,58,128,30,16,53,18,16,X,6,28,15,28,10
강남구,대치1동,46,X,67,13,7,29,8,19,25,12,5,11,8,X,4,7,3,X,12,6
강남구,대치2동,219,14,147,142,41,58,38,49,87,25,11,36,19,13,15,12,19,9,20,3
강남구,대치4동,238,8,188,71,56,78,21,51,102,23,28,45,22,12,3,4,22,13,26,9
강남구,도곡1동,78,14,81,27,20,28,12,21,42,13,4,21,6,15,X,X,3,5,9,X
강남구,도곡2동,96,X,88,37,26,19,14,13,40,13,9,18,6,9,-,X,14,7,20,X
강남구,삼성1동,254,15,97,231,46,37,25,32,114,10,15,34,13,9,X,3,26,14,26,X
강남구,삼성2동,158,18,167,50,33,56,21,39,90,25,10,46,19,12,7,11,15,8,20,5
강남구,세곡동,51,69,41,X,10,13,17,4,12,11,X,12,15,10,X,7,4,X,6,X
강남구,소계,3905,709,2565,2026,1046,1182,484,679,1672,434,317,689,318,195,88,130,318,180,380,114
강남구,수서동,92,34,48,6,15,16,12,13,22,11,5,8,9,-,X,X,8,3,7,X
강남구,신사동,261,4,105,397,85,79,19,51,140,13,26,35,13,5,4,11,23,8,47,5
강남구,압구정동,224,4,89,349,98,141,31,45,111,21,14,38,12,5,3,5,20,7,28,X
강남구,역삼1동,866,15,580,230,237,147,69,116,387,63,79,144,60,20,3,7,59,37,47,30
강남구,역삼2동,170,11,185,50,21,35,30,31,86,25,8,38,16,6,8,8,18,12,15,7
강남구,일원1동,80,326,20,14,27,20,16,13,14,9,21,8,15,11,3,5,4,6,4,9
강남구,일원2동,34,21,25,8,4,13,6,7,10,7,-,5,4,-,-,4,3,-,4,X
강남구,일원본동,15,22,37,6,4,21,15,11,10,14,-,7,X,X,4,3,X,-,4,X
강남구,청담동,185,5,122,165,73,141,25,31,100,25,11,50,11,10,4,5,18,6,31,4
강동구,강일동,26,131,22,3,7,18,11,10,16,12,X,15,4,9,X,5,4,X,8,X
강동구,고덕1동,32,75,34,3,16,18,11,8,4,8,4,6,3,5,X,4,4,X,X,X
강동구,고덕2동,46,97,24,11,13,18,16,16,3,X,5,3,7,12,12,7,4,X,X,4
강동구,길동,269,246,138,70,161,119,37,40,50,39,42,44,21,30,26,23,20,16,15,13
강동구,둔촌1동,X,45,44,41,-,10,15,5,5,9,-,X,-,-,X,4,-,-,X,-
강동구,둔촌2동,92,128,57,24,39,57,15,18,27,20,15,14,10,13,3,10,8,4,6,4
강동구,명일1동,108,70,56,87,34,62,22,36,44,14,20,17,16,10,29,14,6,11,13,3
강동구,명일2동,60,29,37,105,24,31,14,26,26,14,8,11,4,5,3,5,X,6,17,9
강동구,상일동,66,141,46,3,34,17,26,10,14,12,8,10,9,6,6,5,4,4,5,X
강동구,성내1동,130,81,43,15,44,27,17,24,47,17,12,17,7,19,3,5,7,9,5,-
강동구,성내2동,133,88,77,24,70,79,24,26,37,19,28,18,13,16,12,8,13,7,13,5
강동구,성내3동,183,88,73,49,104,73,16,37,56,21,34,26,17,23,18,17,15,15,12,11
강동구,소계,1774,2027,966,1059,884,847,399,384,471,311,263,277,166,220,191,174,128,112,143,81
강동구,암사1동,119,208,56,46,62,82,34,28,20,30,26,17,11,12,23,17,7,10,8,6
강동구,암사2동,52,85,39,10,13,26,15,10,16,9,6,8,X,4,4,3,3,3,9,3
강동구,암사3동,16,76,25,12,3,18,11,10,3,6,-,3,5,5,5,5,-,-,5,-
강동구,천호1동,70,148,47,46,37,58,27,16,18,21,7,15,12,13,3,10,6,4,8,4
강동구,천호2동,269,175,91,393,145,84,56,39,54,34,33,34,13,28,28,25,19,11,10,8
강동구,천호3동,102,116,57,117,78,50,32,25,31,24,13,18,12,10,10,7,6,7,4,6
강북구,미아동,139,101,73,51,79,73,27,21,31,20,22,24,13,9,10,8,8,7,9,5
강북구,번1동,128,66,53,35,71,54,27,25,24,18,30,26,7,8,7,8,7,5,7,4
강북구,번2동,22,96,12,X,8,17,19,6,5,10,4,4,4,9,X,4,X,3,X,3
강북구,번3동,29,70,14,6,14,24,13,6,9,10,3,10,10,4,X,6,X,3,5,3
강북구,삼각산동,44,79,39,16,21,25,10,14,15,12,-,6,7,-,7,10,5,X,7,X
강북구,삼양동,62,125,29,22,28,49,40,10,4,18,10,9,10,3,6,8,4,4,8,5
강북구,소계,1512,1238,543,451,776,603,361,232,271,216,281,190,134,130,146,154,95,72,87,56
강북구,송중동,171,109,57,60,104,58,34,28,36,21,33,18,18,17,15,16,13,8,12,5
강북구,송천동,173,117,69,39,111,77,44,31,28,25,17,15,19,20,15,16,12,6,5,3
강북구,수유1동,120,95,34,79,37,35,24,16,13,15,13,11,4,12,32,18,9,6,5,3
강북구,수유2동,88,91,39,19,43,54,23,16,9,14,16,14,12,16,4,11,5,7,7,5
강북구,수유3동,273,70,68,67,164,62,34,22,36,17,103,25,16,14,25,19,15,14,11,12
강북구,우이동,175,63,15,33,62,22,29,16,30,8,21,11,9,6,6,13,5,6,5,-
강북구,인수동,88,156,41,23,34,53,37,21,31,28,9,17,5,12,16,17,8,X,4,6
강서구,가양1동,92,77,53,9,22,25,13,12,21,12,11,19,5,33,3,5,7,5,4,-
강서구,가양2동,27,63,18,29,8,16,6,8,4,10,4,5,7,X,4,5,X,3,3,3
강서구,가양3동,19,81,12,20,4,15,10,4,4,8,-,X,3,X,X,3,4,-,3,-
강서구,공항동,147,96,40,18,73,38,24,17,20,14,26,24,8,23,X,6,10,6,5,3
강서구,등촌1동,117,85,60,50,40,31,14,23,29,14,16,21,11,24,4,4,4,7,8,3
강서구,등촌2동,32,60,21,7,17,23,11,14,15,9,4,9,12,4,X,4,3,X,5,X
강서구,등촌3동,118,124,58,150,31,46,30,27,48,17,17,18,15,17,3,12,12,5,15,6
강서구,발산1동,81,174,51,38,26,48,33,45,28,15,7,15,16,11,21,16,7,5,18,3
강서구,방화1동,143,190,104,65,61,86,28,26,35,26,27,26,26,21,23,26,11,9,12,5
강서구,방화2동,122,128,45,198,63,44,25,19,31,13,23,18,10,20,3,8,9,7,14,6
강서구,방화3동,32,109,23,15,13,25,13,8,10,14,3,12,6,3,X,-,X,X,7,X
강서구,소계,1851,2256,1000,894,921,860,418,380,452,332,343,326,227,249,139,189,136,117,168,85
강서구,염창동,108,113,75,23,35,48,22,20,35,25,15,16,11,20,5,9,8,7,14,6
강서구,우장산동,75,123,80,32,36,63,26,18,28,21,18,18,12,11,5,12,7,5,11,4
강서구,화곡1동,204,213,101,71,167,83,40,30,40,36,66,47,21,30,7,17,18,21,12,12
강서구,화곡2동,21,103,19,15,17,29,19,8,7,8,4,7,X,5,5,3,X,4,3,X
강서구,화곡3동,83,75,43,23,41,49,15,18,29,17,15,10,10,X,3,9,X,8,12,8
강서구,화곡4동,100,115,35,44,57,55,22,20,16,17,28,13,12,8,20,16,7,3,4,8
강서구,화곡6동,169,90,48,26,122,43,21,19,26,17,36,23,11,8,8,8,13,9,3,9
강서구,화곡8동,70,106,61,37,34,52,17,23,15,17,11,8,13,X,11,14,3,3,9,X
강서구,화곡본동,91,131,53,24,54,41,29,21,11,22,12,15,16,5,8,12,7,7,6,3
관악구,낙성대동,136,35,32,11,101,33,23,29,34,11,21,14,10,10,5,10,7,8,4,5
관악구,난곡동,26,111,23,12,21,44,32,17,7,15,9,12,8,8,8,7,3,4,7,6
관악구,난향동,11,56,15,3,6,15,11,8,4,8,X,X,5,-,X,5,X,X,3,X
관악구,남현동,80,39,22,23,50,25,7,11,15,12,12,19,11,7,6,7,6,X,7,4
관악구,대학동,176,53,35,7,64,46,29,48,66,23,26,29,23,-,3,6,16,12,8,31
관악구,미성동,70,158,33,56,33,50,27,19,13,22,11,15,15,15,8,13,6,4,7,X
관악구,보라매동,101,76,35,182,39,49,19,16,21,19,16,10,12,X,8,11,8,4,10,3
관악구,삼성동,57,117,29,35,18,34,30,8,X,20,5,3,6,8,20,13,5,X,3,-
관악구,서림동,69,60,26,8,17,23,27,11,16,19,6,15,11,4,3,7,8,3,4,9
관악구,서원동,143,53,34,83,108,33,24,24,42,13,27,19,8,6,X,4,8,9,10,10
관악구,성현동,17,78,33,7,12,35,15,7,5,12,X,7,6,8,6,6,6,3,3,3
관악구,소계,1840,1739,833,807,1037,869,471,409,433,363,316,309,236,162,173,183,161,100,129,134
관악구,신림동,154,26,76,68,140,51,23,32,33,20,48,32,8,5,8,6,8,9,4,13
관악구,신사동,79,76,59,28,44,65,27,32,13,29,18,20,14,14,12,15,18,6,4,6
관악구,신원동,63,39,29,24,30,34,19,19,8,10,9,6,9,3,21,15,7,X,3,5
관악구,은천동,114,113,56,22,60,50,23,21,19,23,14,19,18,22,4,10,8,6,9,3
관악구,인헌동,65,77,41,33,31,40,23,26,25,22,19,16,13,X,15,10,8,4,6,5
관악구,조원동,138,362,51,36,75,48,37,14,24,15,32,9,11,27,9,11,16,7,6,8
관악구,중앙동,84,51,45,20,52,38,17,8,19,13,6,9,10,9,X,3,4,3,6,4
관악구,청룡동,153,61,85,94,70,75,23,32,31,27,20,28,20,5,16,12,11,9,13,10
관악구,청림동,16,39,25,6,14,19,10,6,8,9,X,4,4,X,7,4,X,-,3,X
관악구,행운동,88,59,49,49,52,62,25,21,29,21,12,21,14,6,10,8,4,5,9,4
광진구,광장동,70,29,63,21,23,31,24,23,32,15,5,16,10,4,4,7,5,3,13,X
광진구,구의1동,154,72,75,33,81,49,23,30,41,22,45,24,14,4,7,7,9,7,9,7
광진구,구의2동,91,111,35,26,27,35,18,18,24,17,10,12,11,6,5,9,5,3,6,7
광진구,구의3동,145,51,64,104,50,49,36,35,40,24,17,18,14,6,X,4,11,7,16,6
광진구,군자동,104,70,44,24,74,42,21,28,39,20,22,18,15,10,5,11,10,7,11,8
광진구,능동,55,24,27,10,27,12,20,9,22,6,18,15,5,3,X,4,-,3,5,X
광진구,소계,1678,1171,777,620,876,684,355,342,491,270,345,275,167,101,118,146,144,96,141,97
광진구,자양1동,122,85,61,59,32,54,23,16,23,16,18,17,11,11,26,20,10,8,6,8
광진구,자양2동,75,119,54,16,39,49,26,17,26,23,15,13,9,6,4,5,4,4,6,6
광진구,자양3동,72,97,59,63,15,39,14,18,38,21,4,15,10,4,X,6,5,4,21,-
광진구,자양4동,165,106,51,92,68,60,24,28,34,18,46,19,17,8,23,19,53,11,8,13
광진구,중곡1동,92,59,44,25,65,38,26,16,17,10,18,14,10,15,14,16,4,6,5,3
광진구,중곡2동,96,84,57,29,39,56,20,17,17,19,22,15,3,11,6,8,4,4,5,4
광진구,중곡3동,82,80,40,19,54,44,23,16,19,16,15,12,7,8,3,6,4,4,7,5
광진구,중곡4동,82,138,37,50,38,53,29,24,25,20,14,12,8,X,6,17,6,5,8,6
광진구,화양동,273,46,66,49,244,73,28,47,94,23,76,55,23,3,12,7,14,20,15,21
구로구,가리봉동,59,40,22,15,71,30,44,6,8,10,43,10,4,8,11,5,62,X,X,11
구로구,개봉1동,117,169,41,32,46,61,38,19,23,25,18,14,14,12,3,18,12,8,12,7
구로구,개봉2동,58,121,39,20,36,51,20,15,15,22,11,5,11,8,12,10,4,4,9,6
구로구,개봉3동,54,113,29,23,35,47,14,14,15,12,8,6,12,8,5,11,4,X,4,4
구로구,고척1동,121,121,25,86,66,39,27,18,24,11,19,11,12,9,8,8,10,11,6,4
구로구,고척2동,75,146,41,45,32,54,22,18,19,19,14,12,13,16,16,11,5,3,7,X
구로구,구로1동,18,69,22,9,21,20,9,10,8,13,X,6,7,6,-,7,X,X,4,3
구로구,구로2동,269,141,90,30,98,75,85,36,41,27,32,22,15,26,9,11,55,12,7,5
구로구,구로3동,290,61,123,39,91,35,37,45,107,19,35,55,19,4,X,5,33,13,14,4
구로구,구로4동,136,93,65,90,87,65,52,37,19,19,35,14,12,4,32,15,46,6,9,7
구로구,구로5동,229,113,96,265,69,43,30,35,46,26,36,30,17,11,5,10,21,11,18,7
구로구,소계,1775,1675,767,806,756,674,474,323,416,264,295,256,184,141,125,151,282,92,135,79
구로구,수궁동,67,134,31,7,23,30,25,14,14,14,9,16,11,9,X,12,7,4,6,7
구로구,신도림동,129,71,70,110,27,39,29,20,44,16,11,21,16,10,4,7,9,6,18,4
구로구,오류1동,76,73,31,25,33,38,16,16,12,12,14,18,7,5,8,12,5,7,9,4
구로구,오류2동,77,210,42,10,21,47,26,20,21,19,8,16,14,5,9,9,7,X,11,4
금천구,가산동,446,195,176,632,94,34,63,75,146,20,29,78,21,23,7,3,49,20,23,9
금천구,독산1동,183,161,58,57,65,41,50,33,32,25,33,20,17,35,6,59,20,10,9,4
금천구,독산2동,78,110,33,19,39,51,25,11,9,15,13,8,8,10,9,12,4,5,4,6
금천구,독산3동,127,148,58,51,73,70,60,32,11,28,26,15,15,15,21,14,37,7,6,9
금천구,독산4동,76,78,23,8,50,37,24,16,14,12,22,9,14,10,3,5,9,6,X,4
금천구,소계,1338,1309,504,934,507,435,343,272,296,171,192,185,126,139,101,143,144,78,75,54
금천구,시흥1동,249,151,67,111,108,78,45,52,44,28,41,28,21,17,38,22,16,15,15,9
금천구,시흥2동,7,110,18,4,5,19,9,8,8,8,X,3,5,3,X,4,X,-,X,-
금천구,시흥3동,72,109,25,8,20,17,18,12,8,6,7,8,4,15,X,3,4,4,4,X
금천구,시흥4동,22,130,17,15,18,34,16,15,12,14,6,9,9,5,3,10,X,3,3,3
금천구,시흥5동,78,117,29,29,35,54,33,18,12,15,14,7,12,6,10,11,X,8,7,8
노원구,공릉1동,189,182,76,54,69,69,33,36,42,27,28,30,24,26,20,16,9,10,12,7
노원구,공릉2동,118,169,61,26,34,54,25,34,58,22,23,31,17,5,X,17,8,11,16,7
노원구,상계10동,9,41,13,10,3,11,9,6,8,3,4,3,3,X,-,-,X,X,X,X
노원구,상계1동,167,144,59,25,62,59,22,21,39,23,28,17,17,20,3,11,10,8,10,7
노원구,상계2동,244,68,58,284,144,84,29,35,63,22,55,20,17,17,8,19,14,15,18,8
노원구,상계3.4동,121,171,44,26,46,57,49,13,15,23,21,9,14,14,13,12,6,7,5,5
노원구,상계5동,79,96,43,36,51,52,26,20,16,13,17,10,13,13,9,8,4,7,7,7
노원구,상계6.7동,100,79,58,23,43,48,23,31,25,17,19,21,15,3,10,9,14,7,12,3
노원구,상계8동,19,38,15,19,7,18,8,9,6,9,3,4,5,X,X,3,3,-,6,X
노원구,상계9동,18,68,19,27,9,17,7,16,X,9,X,5,4,-,4,4,3,X,4,X
노원구,소계,1599,1883,685,979,631,724,386,375,441,281,271,234,231,148,92,155,123,96,154,80
노원구,월계1동,135,115,36,13,41,39,22,23,38,14,28,19,21,11,3,8,10,13,9,10
노원구,월계2동,33,135,15,7,18,27,20,20,9,17,6,10,13,X,3,10,6,X,6,X
노원구,월계3동,32,159,34,39,4,26,17,10,13,12,X,6,9,X,3,8,X,-,6,X
노원구,중계1동,25,50,35,16,7,34,13,27,20,17,5,10,7,6,X,5,6,-,11,X
노원구,중계2.3동,56,123,21,230,12,32,23,19,23,11,X,6,14,X,X,7,10,-,12,X
노원구,중계4동,111,71,24,43,35,24,15,20,16,7,20,7,13,5,4,6,4,9,9,6
노원구,중계본동,58,68,36,22,24,35,19,17,28,16,7,11,13,6,3,7,6,4,4,6
노원구,하계1동,71,52,23,79,21,21,18,13,19,12,X,14,8,16,X,4,7,X,5,X
노원구,하계2동,14,54,15,-,X,17,8,5,X,7,-,X,4,-,X,X,-,-,X,X
도봉구,도봉1동,205,99,48,25,47,40,35,14,20,14,27,19,12,10,10,10,10,10,3,3
도봉구,도봉2동,98,119,37,19,47,38,18,10,18,14,8,7,6,10,7,7,6,X,6,X
도봉구,방학1동,200,140,72,88,118,69,37,35,24,23,43,22,17,19,6,10,14,16,15,12
도봉구,방학2동,70,88,22,28,24,51,24,15,6,13,10,9,9,8,21,14,7,6,5,X
도봉구,방학3동,39,104,21,8,6,19,16,9,9,14,4,7,8,6,X,4,X,4,4,-
도봉구,소계,1118,1715,492,422,481,536,301,226,204,207,177,168,129,121,90,119,79,68,88,53
도봉구,쌍문1동,29,90,17,10,18,33,22,23,21,13,3,11,7,4,6,11,5,3,5,3
도봉구,쌍문2동,69,99,32,41,25,44,21,18,15,15,14,11,9,7,4,5,4,4,7,7
도봉구,쌍문3동,52,53,32,38,27,31,22,13,11,15,7,12,8,8,8,12,5,3,5,X
도봉구,쌍문4동,13,66,17,21,4,26,11,12,8,11,X,6,7,X,X,6,X,-,X,X
도봉구,창1동,55,389,44,26,26,34,19,15,15,18,13,11,5,9,4,6,3,X,4,4
도봉구,창2동,60,155,45,41,31,52,24,13,7,22,7,15,14,10,7,11,5,4,4,8
도봉구,창3동,71,86,26,25,38,32,14,12,10,13,12,10,7,13,8,11,3,3,7,X
도봉구,창4동,68,69,34,20,39,23,21,19,14,11,12,17,8,3,3,3,5,6,14,4
도봉구,창5동,89,158,45,32,31,44,17,18,26,11,16,11,12,12,3,9,9,6,8,4
동대문구,답십리1동,115,91,65,37,38,30,25,14,25,14,17,18,4,11,X,3,3,6,5,X
동대문구,답십리2동,86,131,40,24,34,40,27,15,10,16,12,12,9,25,11,13,6,3,5,5
동대문구,소계,2077,1722,703,889,756,602,524,414,467,271,227,292,168,263,661,195,136,90,120,66
동대문구,용신동,367,103,103,115,75,48,89,44,63,28,26,41,14,30,28,14,21,11,9,5
동대문구,이문1동,143,90,56,25,76,56,31,54,56,29,16,27,20,9,9,7,17,7,14,9
동대문구,이문2동,33,75,31,6,22,21,10,6,9,11,5,12,6,X,4,6,3,X,3,X
동대문구,장안1동,262,191,91,80,80,72,47,36,39,38,31,38,16,102,9,18,15,15,11,8
동대문구,장안2동,226,168,64,155,75,76,44,44,38,30,30,26,21,22,6,19,12,15,12,6
동대문구,전농1동,176,123,55,278,55,68,40,45,46,20,24,24,17,19,12,16,7,8,17,7
동대문구,전농2동,28,77,18,13,16,30,16,24,19,14,9,15,5,3,3,X,8,4,6,X
동대문구,제기동,250,83,63,34,117,41,103,35,36,20,7,20,12,28,542,69,16,X,8,5
동대문구,청량리동,153,91,39,59,56,42,42,26,24,15,16,10,14,3,24,10,8,7,5,4
동대문구,회기동,116,15,20,41,69,25,14,28,61,9,21,18,11,X,4,X,13,7,11,5
동대문구,휘경1동,85,44,23,16,33,30,18,25,23,13,9,18,8,4,5,13,4,X,7,5
동대문구,휘경2동,37,440,35,6,10,23,18,18,18,14,4,13,11,4,3,4,3,4,7,X
동작구,노량진1동,143,73,68,27,54,49,39,48,92,22,21,33,21,3,6,9,13,9,15,26
동작구,노량진2동,84,34,33,24,45,29,24,23,25,12,8,15,8,-,6,5,11,4,4,7
동작구,대방동,80,62,58,28,46,36,30,23,28,21,17,22,17,15,5,6,9,5,12,5
동작구,사당1동,147,66,75,43,74,43,17,20,39,20,14,23,14,8,6,8,13,7,15,5
동작구,사당2동,129,58,57,51,87,57,20,30,40,23,12,19,12,3,18,11,13,7,14,7
동작구,사당3동,48,60,37,13,24,30,14,8,14,13,13,8,13,10,7,6,X,X,4,-
동작구,사당4동,33,48,22,21,11,28,13,13,7,16,7,7,7,-,13,10,X,X,8,X
동작구,사당5동,20,49,16,X,3,24,11,4,9,8,6,3,6,5,3,4,X,X,-,X
동작구,상도1동,109,80,74,30,64,56,26,33,59,20,15,32,15,16,11,11,11,10,17,13
동작구,상도2동,83,55,73,46,28,43,16,21,16,16,12,15,12,7,11,9,4,6,11,5
동작구,상도3동,44,80,38,42,19,40,16,14,11,16,11,7,11,X,9,9,6,4,5,4
동작구,상도4동,49,100,33,21,22,38,20,13,18,13,14,10,14,X,9,11,4,X,X,3
동작구,소계,1271,924,737,438,610,603,323,318,459,255,183,243,183,88,129,118,123,77,136,93
동작구,신대방1동,56,42,45,34,26,41,22,17,13,18,11,11,11,5,8,10,11,X,6,3
동작구,신대방2동,108,47,38,14,25,35,15,23,39,13,8,18,8,7,3,X,9,8,9,5
동작구,흑석동,138,70,70,42,82,54,40,28,49,24,14,20,14,6,14,8,13,10,14,7
마포구,공덕동,197,104,105,22,66,72,44,29,47,28,14,19,17,4,16,19,15,8,7,5
마포구,대흥동,123,45,60,11,59,38,25,33,48,10,10,31,15,9,4,6,10,3,10,8
마포구,도화동,136,43,63,26,59,36,17,26,44,20,22,16,14,X,9,8,14,3,6,3
마포구,망원1동,93,103,49,35,33,44,12,21,32,16,16,17,13,11,16,11,4,7,11,3
마포구,망원2동,81,97,39,36,36,50,12,17,22,17,14,15,11,5,12,10,8,4,7,3
마포구,상암동,216,80,70,15,38,30,27,34,112,17,6,38,22,X,X,5,20,6,18,X
마포구,서강동,127,52,81,32,57,51,16,22,86,14,3,29,16,9,3,3,9,X,26,5
마포구,서교동,661,53,174,402,553,217,49,106,491,17,78,85,43,10,8,12,50,22,76,16
마포구,성산1동,67,71,39,15,16,24,18,12,31,14,12,15,9,13,X,3,7,X,5,3
마포구,성산2동,89,131,56,106,23,39,27,28,29,18,4,19,13,12,28,9,9,6,11,X
마포구,소계,2360,1072,1070,834,1233,804,353,429,1180,246,229,384,233,127,132,119,205,77,235,59
마포구,신수동,66,50,47,7,18,28,16,17,17,13,3,15,13,10,X,4,6,3,7,X
마포구,아현동,99,38,90,42,42,38,28,16,36,15,X,17,11,5,17,11,7,-,14,X
마포구,연남동,81,47,41,22,76,35,13,16,50,9,6,17,5,9,-,5,21,X,12,X
마포구,염리동,37,41,23,13,20,30,19,15,14,9,6,6,13,4,11,5,4,X,6,-
마포구,용강동,164,30,78,11,62,30,17,25,46,15,21,21,10,10,X,5,10,6,8,3
마포구,합정동,123,87,55,39,75,42,13,12,75,14,12,24,8,13,X,3,11,4,11,4
서대문구,남가좌1동,73,22,27,55,43,9,23,11,4,X,5,3,3,-,30,15,3,X,X,-
서대문구,남가좌2동,98,79,64,32,52,61,32,30,34,17,19,9,17,12,5,16,8,11,8,6
서대문구,북가좌1동,18,91,21,X,5,17,10,11,4,8,-,11,9,7,X,X,-,X,6,X
서대문구,북가좌2동,81,155,67,26,50,70,29,25,21,28,15,18,20,13,5,11,8,11,10,8
서대문구,북아현동,38,67,47,9,13,10,24,4,7,8,3,4,6,X,3,4,X,X,X,-
서대문구,소계,1352,967,582,497,681,560,347,351,543,207,153,221,151,104,160,119,111,86,146,59
서대문구,신촌동,358,15,80,170,258,126,47,85,251,19,53,64,27,X,5,7,35,18,47,18
서대문구,연희동,119,117,61,51,50,61,33,33,74,30,9,30,14,27,9,6,23,7,21,4
서대문구,천연동,79,36,32,26,22,25,18,24,15,10,6,8,7,4,13,11,X,3,4,X
서대문구,충현동,177,17,45,14,52,25,26,37,60,15,9,25,4,4,5,X,9,8,7,3
서대문구,홍은1동,50,80,26,22,20,34,26,20,9,14,3,5,12,5,10,9,4,3,6,3
서대문구,홍은2동,74,108,30,12,33,29,29,25,31,17,4,17,6,17,X,5,5,7,9,7
서대문구,홍제1동,64,76,31,19,28,40,19,16,13,15,9,11,11,5,6,7,3,X,8,3
서대문구,홍제2동,29,25,25,12,18,22,7,8,6,9,7,4,4,-,X,6,X,3,4,4
서대문구,홍제3동,94,79,26,47,37,31,24,22,14,16,11,12,11,6,65,18,7,7,12,X
서초구,내곡동,33,48,22,4,X,X,11,X,7,4,X,6,3,-,X,X,X,-,X,-
서초구,반포1동,95,10,89,49,37,48,17,27,43,22,11,22,18,6,3,4,6,3,12,9
서초구,반포2동,7,7,38,14,X,22,7,16,8,7,-,7,X,-,3,4,X,-,4,-
서초구,반포3동,40,4,59,53,8,19,14,12,18,6,5,X,9,4,-,4,6,X,9,3
서초구,반포4동,137,6,35,550,36,32,31,40,92,13,9,34,3,4,6,7,19,4,35,3
서초구,반포본동,22,X,28,76,15,20,11,14,17,8,X,X,6,3,9,5,5,-,8,X
서초구,방배1동,98,20,69,29,34,37,14,18,40,17,21,11,10,4,X,10,14,8,8,8
서초구,방배2동,149,54,85,24,47,40,18,14,46,19,16,18,8,13,X,12,9,9,9,5
서초구,방배3동,36,34,46,12,7,25,19,12,20,18,-,12,3,5,X,3,4,X,7,-
서초구,방배4동,113,34,98,21,19,57,14,33,36,21,11,19,8,29,5,6,10,5,11,X
서초구,방배본동,108,19,45,36,34,50,15,20,44,16,16,14,7,8,3,7,7,3,15,3
서초구,서초1동,164,12,126,28,35,42,21,34,89,20,14,27,17,22,3,6,16,7,16,6
서초구,서초2동,191,10,172,48,32,50,26,43,95,16,12,29,22,4,3,X,19,5,17,4
서초구,서초3동,415,30,209,40,110,43,37,51,155,28,54,58,20,20,3,8,32,22,32,6
서초구,서초4동,170,4,90,59,81,35,22,39,81,20,15,30,14,X,4,5,14,9,21,3
서초구,소계,2459,482,1503,1250,686,634,354,466,1022,306,296,394,214,210,56,107,208,121,253,67
서초구,양재1동,208,100,86,33,70,46,24,29,100,27,32,41,24,29,3,9,17,17,24,5
서초구,양재2동,293,68,106,156,56,35,32,39,85,19,51,36,21,52,X,9,17,20,13,7
서초구,잠원동,180,21,100,18,62,31,21,24,46,25,27,26,19,6,4,5,11,6,10,X
성동구,금호1가동,33,40,21,3,7,22,7,5,9,11,3,5,X,3,X,X,X,X,X,3
성동구,금호2.3가동,88,79,41,39,28,48,18,14,15,17,5,8,9,X,5,9,6,4,6,X
성동구,금호4가동,47,30,30,20,26,21,13,7,10,8,8,6,4,X,4,X,5,X,5,3
성동구,마장동,133,101,34,3,29,28,41,16,17,16,6,12,9,15,6,47,6,8,4,3
성동구,사근동,116,37,30,21,60,25,20,37,66,10,19,28,13,-,3,4,11,16,9,12
성동구,성수1가1동,65,60,37,12,10,20,18,11,11,9,10,12,5,8,-,X,4,X,3,-
성동구,성수1가2동,119,88,47,9,22,22,21,16,43,10,13,19,11,11,3,9,6,6,9,5
성동구,성수2가1동,149,108,40,43,44,29,29,31,33,18,22,12,12,26,9,4,12,5,5,5
성동구,성수2가3동,206,282,65,20,29,14,39,20,55,9,25,35,7,41,X,3,14,12,8,X
성동구,소계,1485,1246,613,377,423,430,355,258,392,196,162,200,126,211,71,126,99,77,104,50
성동구,송정동,30,56,14,5,12,18,13,6,5,8,4,4,4,7,6,4,X,3,3,X
성동구,옥수동,44,29,43,13,9,25,11,10,16,15,3,10,6,3,-,6,3,X,11,X
성동구,왕십리2동,37,70,31,16,13,19,14,7,4,11,4,5,4,-,5,4,3,X,3,3
성동구,왕십리도선동,169,52,70,19,62,37,24,17,31,9,14,12,12,7,5,3,8,4,6,X
성동구,용답동,122,58,35,28,42,30,51,17,17,13,12,14,6,80,10,10,8,6,5,6
성동구,응봉동,7,60,13,7,6,13,11,6,7,9,X,X,4,3,-,X,X,-,X,X
성동구,행당1동,103,56,37,101,18,39,20,29,41,13,10,11,13,3,9,10,8,4,19,3
성동구,행당2동,17,40,25,18,6,20,5,9,12,10,3,6,5,X,3,5,X,-,5,-
성북구,길음1동,47,71,53,43,55,39,21,24,20,14,5,5,9,-,15,13,5,4,15,4
성북구,길음2동,52,52,37,192,19,27,17,22,18,12,3,12,3,6,4,6,5,-,15,3
성북구,돈암1동,10,50,18,4,4,13,10,4,3,10,-,X,X,X,-,7,X,-,X,X
성북구,돈암2동,8,34,21,6,X,12,7,9,3,7,-,X,5,-,X,5,X,-,4,-
성북구,동선동,146,29,66,81,103,74,22,53,70,15,31,26,21,5,5,6,11,12,23,5
성북구,보문동,71,56,35,16,28,30,22,12,8,12,5,9,X,13,8,7,7,X,4,3
성북구,삼선동,160,80,50,41,76,52,34,42,46,17,15,19,10,6,19,17,12,10,9,X
성북구,석관동,155,186,71,37,84,69,41,31,27,25,19,21,15,16,14,15,6,9,5,5
성북구,성북동,90,29,41,30,19,21,15,7,33,10,X,13,6,10,3,6,6,X,11,X
성북구,소계,1607,1572,743,690,761,730,451,399,456,288,183,247,167,160,136,178,130,99,155,76
성북구,안암동,132,46,34,18,78,37,29,31,83,11,16,35,9,6,X,X,17,9,12,13
성북구,월곡1동,68,106,34,22,22,39,26,17,14,18,8,11,11,12,10,10,7,X,8,X
성북구,월곡2동,112,99,37,35,37,47,24,28,35,15,20,14,10,17,7,14,6,7,13,6
성북구,장위1동,64,128,33,19,29,41,31,10,10,20,9,8,4,8,5,8,4,3,X,4
성북구,장위2동,105,90,36,49,66,43,28,16,11,12,11,8,9,14,16,21,8,6,4,3
성북구,장위3동,45,75,20,18,21,22,20,10,6,13,4,4,X,10,5,6,5,6,3,4
성북구,정릉1동,48,49,23,7,15,25,12,11,7,11,4,9,8,9,X,4,4,X,6,X
성북구,정릉2동,50,116,32,15,14,26,15,15,12,15,7,7,12,8,X,5,7,4,5,4
성북구,정릉3동,70,42,13,8,22,24,23,15,14,5,4,10,6,6,X,5,6,7,X,3
성북구,정릉4동,60,83,31,12,25,29,22,11,14,17,5,12,5,3,5,9,4,7,5,4
성북구,종암동,114,151,58,37,42,60,32,31,22,29,15,21,18,10,13,13,8,9,8,8
송파구,가락1동,53,8,6,-,-,-,26,4,X,-,-,X,-,3,4,X,-,-,-,-
송파구,가락2동,93,86,66,49,37,68,29,23,29,23,23,12,13,19,7,10,9,6,15,9
송파구,가락본동,247,85,90,50,90,51,18,30,63,21,98,32,17,19,11,3,8,16,16,7
송파구,거여1동,45,93,19,12,17,31,8,9,14,13,12,10,4,8,5,6,4,4,3,5
송파구,거여2동,61,102,42,12,32,41,14,14,16,12,15,13,8,8,6,9,X,4,7,4
송파구,마천1동,71,209,34,17,37,34,22,10,11,15,9,8,5,4,4,5,3,4,3,3
송파구,마천2동,101,111,27,57,26,38,24,14,13,10,11,8,9,13,14,16,10,6,9,3
송파구,문정1동,74,73,60,80,11,43,12,15,28,15,16,12,11,16,X,7,6,6,8,3
송파구,문정2동,74,14,119,203,13,25,16,23,37,14,4,14,6,5,X,4,10,X,13,3
송파구,방이1동,101,45,39,20,37,36,7,12,34,15,18,16,6,14,X,3,7,7,9,X
송파구,방이2동,247,79,101,31,111,39,18,27,46,24,51,32,20,15,7,11,14,15,10,8
송파구,삼전동,124,104,69,22,46,75,19,33,28,32,21,22,20,25,5,12,10,9,10,8
송파구,석촌동,198,115,94,49,93,70,26,31,40,26,54,29,22,18,16,13,11,14,8,5
송파구,소계,2497,2692,1464,1498,899,1026,454,509,746,416,482,393,270,273,155,188,170,143,255,108
송파구,송파1동,125,449,71,27,57,59,16,20,39,23,28,21,8,13,3,9,8,12,11,5
송파구,송파2동,29,39,44,29,11,32,16,29,26,12,-,9,8,4,3,7,4,-,11,5
송파구,오금동,111,159,58,28,44,51,32,21,45,28,16,17,15,41,X,16,10,7,8,5
송파구,오륜동,14,X,20,74,X,14,11,9,15,5,-,8,X,X,4,X,4,-,4,X
송파구,위례동,6,31,21,-,X,3,-,X,3,-,-,3,X,-,-,X,-,-,X,X
송파구,잠실2동,21,17,64,58,X,28,12,17,22,10,-,11,4,-,8,6,-,-,16,-
송파구,잠실3동,52,22,86,398,5,27,17,29,42,17,-,12,X,X,6,4,8,-,32,-
송파구,잠실4동,14,21,47,9,5,19,9,11,8,11,-,5,7,-,3,7,X,X,6,X
송파구,잠실6동,123,475,52,169,10,33,21,32,66,9,3,17,11,X,5,3,11,3,22,-
송파구,잠실7동,-,3,16,13,-,9,8,5,4,5,-,3,X,-,3,4,3,-,3,-
송파구,잠실본동,317,61,100,51,148,89,25,45,61,32,65,44,32,18,18,11,13,17,16,18
송파구,장지동,75,151,52,4,27,46,21,18,27,15,15,16,11,13,3,6,6,5,5,3
송파구,풍납1동,67,69,24,14,21,33,12,14,7,12,11,6,11,5,10,9,5,X,4,5
송파구,풍납2동,54,69,43,22,18,32,15,12,21,17,12,11,16,8,4,4,4,4,5,3
양천구,목1동,186,35,67,309,74,48,21,38,78,13,24,24,12,7,3,5,15,7,28,6
양천구,목2동,77,98,61,23,30,42,24,15,21,18,15,14,14,6,5,8,5,7,7,4
양천구,목3동,68,73,47,52,53,56,19,15,16,18,19,9,11,4,7,10,6,8,7,7
양천구,목4동,80,69,44,26,46,65,26,19,21,20,15,8,15,9,8,20,8,3,13,X
양천구,목5동,54,24,97,43,16,43,22,22,30,25,X,18,14,X,5,7,6,3,21,5
양천구,소계,1369,1829,839,813,672,797,391,301,358,277,241,202,193,180,148,190,98,88,165,76
양천구,신월1동,105,150,45,51,75,60,32,20,8,13,18,13,10,23,24,17,7,7,3,13
양천구,신월2동,41,155,38,16,24,25,18,9,9,16,6,6,7,10,7,11,X,5,4,3
양천구,신월3동,53,132,10,16,23,26,27,12,10,6,5,9,7,13,8,9,X,3,X,X
양천구,신월4동,73,144,25,10,38,44,11,10,15,10,12,11,13,11,6,9,6,3,4,X
양천구,신월5동,71,93,23,23,27,31,20,8,14,11,14,12,5,18,5,3,3,5,3,3
양천구,신월6동,42,73,23,17,19,20,11,6,X,5,8,5,3,4,13,12,X,5,3,X
양천구,신월7동,69,194,32,17,28,44,26,16,10,12,16,8,13,10,5,10,5,9,5,X
양천구,신정1동,91,21,58,27,44,35,7,14,23,13,18,7,11,16,5,8,5,3,13,X
양천구,신정2동,58,66,41,28,14,47,14,17,14,13,7,7,12,10,14,12,5,4,8,X
양천구,신정3동,70,239,57,38,42,63,47,26,18,26,13,10,15,8,11,22,6,4,11,5
양천구,신정4동,169,164,91,91,107,98,39,29,49,33,45,26,16,23,11,15,10,9,13,9
양천구,신정6동,18,17,46,11,X,15,12,11,9,13,-,8,5,-,6,5,-,-,8,X
양천구,신정7동,44,82,34,15,10,35,15,14,11,12,5,7,10,7,5,7,5,3,12,8
영등포구,당산1동,215,75,66,19,157,45,25,22,51,17,32,26,11,13,3,4,10,11,8,4
영등포구,당산2동,147,53,96,33,55,35,19,28,52,23,12,33,8,3,7,8,14,11,12,3
영등포구,대림1동,75,47,36,34,47,46,30,20,10,9,19,11,11,9,19,10,15,X,7,4
영등포구,대림2동,73,51,38,37,69,55,38,9,13,11,28,10,5,3,17,14,141,8,4,7
영등포구,대림3동,119,138,56,18,70,48,38,25,21,19,51,17,10,24,4,8,55,10,6,7
영등포구,도림동,50,81,34,12,35,37,26,8,8,20,13,6,7,19,3,3,13,3,3,4
영등포구,문래동,230,69,62,55,48,31,41,37,60,15,13,27,15,19,12,9,15,13,12,3
영등포구,소계,2643,2149,945,1071,1026,656,646,434,733,276,343,347,172,222,165,136,452,137,155,88
영등포구,신길1동,88,68,38,37,41,49,38,18,11,24,24,10,7,5,8,9,12,9,9,9
영등포구,신길3동,58,69,28,54,27,39,22,12,9,15,13,9,7,9,10,9,10,6,3,4
영등포구,신길4동,30,45,20,5,23,22,20,6,3,12,7,6,7,3,X,X,7,X,X,X
영등포구,신길5동,34,66,13,9,20,19,24,8,9,9,10,4,4,6,-,X,20,3,X,X
영등포구,신길6동,92,72,67,16,29,45,29,15,27,16,18,8,8,19,5,6,11,3,3,4
영등포구,신길7동,35,24,15,6,15,13,10,7,12,5,6,5,6,5,X,X,3,X,5,X
영등포구,양평1동,123,1067,46,15,32,20,22,17,32,14,6,16,6,22,6,5,10,4,5,3
영등포구,양평2동,126,67,52,10,43,21,31,23,40,16,12,25,5,23,X,9,10,7,7,3
영등포구,여의도동,631,23,144,95,157,48,90,96,246,17,11,67,29,8,10,7,53,20,36,5
영등포구,영등포동,436,50,93,408,129,55,107,62,103,20,48,51,17,28,44,20,33,21,24,19
영등포구,영등포본동,81,84,41,208,29,28,36,21,26,14,20,16,9,4,11,10,20,3,8,4
용산구,남영동,178,9,28,94,50,16,28,30,47,6,16,27,7,5,3,4,15,12,18,9
용산구,보광동,71,59,43,20,26,45,26,13,9,15,3,10,15,6,3,6,6,3,4,3
용산구,서빙고동,21,30,14,12,X,10,14,9,7,4,-,7,X,7,X,X,3,-,X,-
용산구,소계,1333,584,670,716,567,364,361,256,510,174,91,206,107,104,78,79,117,48,161,38
용산구,용문동,46,48,21,16,25,23,9,9,12,8,5,3,8,4,10,13,X,X,5,X
용산구,용산2가동,28,35,23,10,19,23,20,6,20,12,3,8,5,X,6,6,X,3,5,X
용산구,원효로1동,134,37,58,14,37,18,13,23,27,12,13,19,11,9,3,X,10,5,5,3
용산구,원효로2동,44,56,22,11,12,20,19,10,10,7,5,9,4,12,X,4,9,3,3,X
용산구,이촌1동,52,9,51,65,24,29,21,12,24,11,X,9,5,3,11,8,7,X,20,X
용산구,이촌2동,11,57,20,X,X,8,6,5,4,6,-,3,X,6,4,X,X,-,X,-
용산구,이태원1동,91,8,20,264,122,19,16,11,50,8,3,16,6,8,X,X,15,X,19,X
용산구,이태원2동,42,21,34,21,58,20,8,10,46,10,X,13,6,-,4,X,7,-,20,X
용산구,청파동,127,67,61,26,51,46,39,40,63,21,9,14,9,11,13,9,8,3,9,6
용산구,한강로동,264,26,132,86,49,25,58,38,88,19,17,34,5,15,5,4,17,9,22,X
용산구,한남동,146,43,93,57,69,32,46,13,69,15,10,13,11,8,3,7,11,4,21,6
용산구,효창동,19,31,12,4,5,6,12,5,14,6,-,6,3,3,X,X,X,X,3,-
용산구,후암동,59,48,38,15,18,24,26,22,20,14,3,15,9,5,6,9,4,X,4,X
은평구,갈현1동,142,86,41,38,95,49,26,12,25,17,39,13,17,5,5,11,10,10,9,6
은평구,갈현2동,112,86,40,62,65,68,31,32,36,11,19,21,16,5,8,14,5,11,10,7
은평구,구산동,34,160,40,23,14,52,19,25,17,18,3,14,8,10,X,6,5,X,8,-
은평구,녹번동,118,287,70,16,40,52,35,18,25,19,15,17,10,20,3,9,7,10,7,7
은평구,대조동,182,94,102,257,76,80,40,49,55,23,23,25,15,8,54,18,16,8,14,7
은평구,불광1동,116,108,87,57,50,68,30,26,28,25,20,19,18,X,12,13,5,6,12,4
은평구,불광2동,106,90,47,43,33,61,32,21,15,16,6,13,12,9,37,19,5,3,6,5
은평구,소계,1517,1914,901,795,748,895,442,367,370,294,237,246,206,140,193,193,99,101,135,75
은평구,수색동,46,75,15,19,36,29,26,11,7,10,5,X,6,5,10,8,3,X,4,3
은평구,신사1동,52,129,57,29,28,60,19,23,21,18,17,13,11,9,6,8,5,7,5,5
은평구,신사2동,25,108,29,12,9,34,17,12,7,17,X,8,9,7,3,9,X,-,4,-
은평구,역촌동,142,223,112,51,86,101,43,33,35,28,20,26,18,28,13,17,7,10,14,7
은평구,응암1동,106,89,65,58,43,57,30,28,26,18,14,21,12,4,7,12,8,7,8,6
은평구,응암2동,32,72,34,14,17,39,13,13,5,14,7,X,7,5,3,10,3,3,X,3
은평구,응암3동,155,109,55,78,105,63,29,24,19,22,37,16,20,15,19,16,9,11,10,8
은평구,증산동,68,101,40,20,37,37,24,18,11,16,10,16,9,7,4,9,4,10,6,4
은평구,진관동,81,97,67,18,14,45,28,22,38,22,X,21,18,X,7,14,5,X,16,3
종로구,가회동,75,10,14,22,14,9,10,15,52,3,3,7,3,X,X,3,6,X,8,-
종로구,교남동,28,13,15,8,4,5,6,X,6,3,3,6,4,X,-,-,X,X,X,X
종로구,무악동,12,329,10,4,3,10,5,7,5,7,X,4,4,X,X,X,X,-,X,X
종로구,부암동,27,13,14,14,12,9,9,11,33,7,X,9,X,8,-,-,5,X,3,X
종로구,사직동,334,17,56,45,91,22,34,43,141,11,12,28,12,5,5,X,22,10,20,3
종로구,삼청동,64,8,X,59,6,X,16,23,76,X,-,9,-,-,-,-,3,-,10,-
종로구,소계,"2,474",614,537,706,728,261,488,421,"1,066",124,127,252,119,43,73,66,175,89,149,49
종로구,숭인1동,25,22,15,6,6,13,13,6,X,4,-,8,X,X,X,X,X,X,X,X
종로구,숭인2동,101,28,33,25,25,13,32,17,22,9,15,17,10,-,5,4,7,5,5,5
종로구,이화동,115,19,17,19,28,8,17,27,81,4,5,15,7,4,-,X,12,X,11,X
종로구,종로1.2.3.4가동,909,11,126,262,315,35,172,101,368,19,41,76,32,9,23,9,58,31,37,8
종로구,종로5·6가동,284,20,75,86,41,18,61,58,71,6,11,22,9,4,8,8,11,11,6,X
종로구,창신1동,112,9,30,64,22,14,35,20,15,4,10,8,6,-,4,6,16,7,6,7
종로구,창신2동,60,26,15,14,20,23,21,9,6,7,6,4,3,-,7,5,4,X,3,X
종로구,창신3동,13,23,15,X,-,11,5,3,4,5,-,X,4,X,X,3,X,-,X,-
종로구,청운효자동,67,17,30,30,12,15,18,22,56,8,X,6,4,X,10,8,5,3,13,X
종로구,평창동,60,17,31,15,27,17,13,8,17,11,X,6,3,4,X,6,6,X,7,X
종로구,혜화동,188,32,39,31,102,38,21,49,111,15,14,25,15,X,X,6,14,11,13,12
중구,광희동,293,28,64,1310,62,22,89,39,86,6,14,28,4,5,23,6,12,11,11,X
중구,다산동,76,51,26,17,27,22,26,15,18,11,15,8,3,7,3,5,4,4,4,X
중구,동화동,46,38,26,16,11,23,9,6,8,6,3,7,4,X,X,7,3,6,4,3
중구,명동,426,-,112,293,72,67,73,91,256,5,9,67,16,-,3,X,41,18,35,X
중구,소계,2430,362,652,3491,551,325,643,420,900,111,142,306,104,39,102,80,175,115,162,33
중구,소공동,276,X,24,428,34,16,47,38,141,X,6,40,7,-,X,X,27,10,28,X
중구,신당5동,102,38,28,45,44,19,16,13,8,9,13,7,8,4,5,5,7,3,4,4
중구,신당동,132,21,116,232,45,24,80,30,39,11,22,19,17,6,4,4,15,7,9,X
중구,약수동,52,38,42,31,24,32,15,8,14,13,10,7,8,X,5,8,-,X,7,X
중구,을지로동,259,4,52,82,56,8,77,41,77,5,12,25,8,X,3,3,16,23,7,-
중구,장충동,63,10,17,21,17,7,10,9,15,4,X,13,4,X,X,X,5,3,8,3
중구,중림동,89,24,28,4,26,15,14,11,26,7,5,8,3,3,7,5,5,4,5,3
중구,청구동,34,51,25,14,14,18,13,6,11,8,X,7,3,X,5,3,X,X,X,X
중구,필동,169,12,31,13,63,12,21,28,73,5,13,32,5,X,X,X,11,8,10,6
중구,황학동,158,39,36,45,22,21,38,27,21,8,8,10,5,3,28,26,4,5,5,-
중구,회현동,255,7,25,940,34,19,115,58,107,11,8,28,9,X,10,4,23,10,24,X
중랑구,망우3동,59,115,21,12,31,35,23,11,5,11,6,5,3,13,3,6,5,X,3,-
중랑구,망우본동,207,204,57,77,80,66,58,34,31,25,34,19,10,23,24,30,13,9,13,8
중랑구,면목2동,122,186,47,29,45,53,36,18,19,22,19,13,6,11,8,13,7,8,5,4
중랑구,면목3.8동,162,134,47,58,86,58,37,44,23,18,41,16,13,11,12,14,7,16,5,11
중랑구,면목4동,54,120,34,11,26,31,24,9,8,16,9,9,7,7,X,3,3,X,X,X
중랑구,면목5동,43,85,12,17,16,21,19,9,4,9,6,4,7,14,X,3,X,3,X,3
중랑구,면목7동,94,116,43,48,43,46,30,14,12,15,17,13,7,12,22,16,4,5,5,4
중랑구,면목본동,166,191,78,57,89,80,49,31,19,31,30,22,15,7,19,20,7,7,11,7
중랑구,묵1동,101,140,52,27,36,49,24,30,25,19,17,14,4,7,6,7,5,5,8,3
중랑구,묵2동,102,406,38,21,45,43,27,17,14,14,21,8,11,15,6,4,7,7,4,X
중랑구,상봉1동,36,93,25,66,19,34,26,18,24,14,7,10,X,5,X,4,5,4,3,X
중랑구,상봉2동,230,62,53,66,106,34,31,21,28,17,57,21,15,19,6,4,9,13,4,15
중랑구,소계,1761,2398,639,620,783,720,493,336,276,278,324,186,140,177,151,159,94,98,92,73
중랑구,신내1동,112,169,37,21,36,43,28,23,20,21,15,9,15,12,3,5,5,5,5,5
중랑구,신내2동,44,112,26,50,16,28,10,14,13,14,X,5,8,X,4,6,3,X,11,X
중랑구,중화1동,43,99,32,11,12,40,26,12,13,12,4,7,3,4,X,3,3,-,3,-
중랑구,중화2동,186,166,37,49,97,59,45,31,18,20,39,11,14,15,31,21,9,11,8,7